"epoch","loss","lr","part","step","time","f1_score","mean_error","precision","sensitivity","standard_deviation"
0.0,0.2675178647041321,8.058741362327259e-05,"train",10.0,"2022-04-06 22:33:36.698209","","","","",""
0.0,"","","train",10.0,"2022-04-06 22:33:48.094450",0.15707693655173605,2.5761431237821473,0.12959152318004488,0.5089324017834858,52.33930799289158
0.0,"","","val",10.0,"2022-04-06 22:33:50.936338",0.1467179638747328,5.287656671363319,0.10825283318466623,0.528762198227827,49.38203428189319
1.0,"","","train",15.0,"2022-04-06 22:34:07.003360",0.15984471309147238,7.376453888106288,0.10914224446141906,0.6505222333880117,49.907895997871115
1.0,"","","val",15.0,"2022-04-06 22:34:10.547980",0.15489665986628762,9.508709367902883,0.10498714776064037,0.6467642526642509,51.59624531365367
2.0,0.23103909194469452,8.528241030462502e-05,"train",20.0,"2022-04-06 22:34:11.881025","","","","",""
2.0,"","","train",20.0,"2022-04-06 22:34:29.136536",0.17119944582343907,9.781878028760971,0.10848988351287342,0.8147724168757374,43.34472093476952
2.0,"","","val",20.0,"2022-04-06 22:34:33.308407",0.17125581445817636,7.026583151287849,0.11108480740951365,0.8032375740591093,44.46506606036312
3.0,"","","train",25.0,"2022-04-06 22:34:53.997195",0.1765789724208849,-1.6430832842051875,0.11000223941371579,0.9354904325567999,31.825853517655627
3.0,"","","val",25.0,"2022-04-06 22:34:58.488779",0.1784485872609142,-2.2567631551447844,0.11236373668794448,0.9311456705139056,30.387791129131063
4.0,0.20997577905654907,9.464942815694808e-05,"train",30.0,"2022-04-06 22:34:59.825723","","","","",""
4.0,"","","train",30.0,"2022-04-06 22:35:20.917450",0.1855941567957474,-4.7474126519637,0.1174798261816179,0.9573863636244823,25.12643062936644
4.0,"","","val",30.0,"2022-04-06 22:35:25.606403",0.1810276478274744,-5.461879518409188,0.1148224240922739,0.9489849230753449,22.767932951538537
5.0,"","","train",35.0,"2022-04-06 22:35:48.546712",0.18859156295023002,-5.0690933700860015,0.11990322654767667,0.9728845254670956,21.835611674406838
5.0,"","","val",35.0,"2022-04-06 22:35:53.438914",0.19103389598931875,-4.867746372103098,0.12200434713342316,0.9752380951892535,21.352355049674472
6.0,0.2004719227552414,0.0001086426285928034,"train",40.0,"2022-04-06 22:35:54.771232","","","","",""
6.0,"","","train",40.0,"2022-04-06 22:36:17.537028",0.1778625238067383,-4.760773745918927,0.11157858111250436,0.973248106048399,20.18717386630388
6.0,"","","val",40.0,"2022-04-06 22:36:22.707708",0.1847788671984277,-4.6064891811927815,0.11712286012896238,0.980113636314946,20.40810284536852
7.0,"","","train",45.0,"2022-04-06 22:36:46.714930",0.17587607963550397,-3.9705917716755064,0.1093705092151912,0.9781191806209567,21.57192397241732
7.0,"","","val",45.0,"2022-04-06 22:36:51.671654",0.17029569718004314,-3.998203078237502,0.10495892246760578,0.9828571428074069,21.103172053426
8.0,0.1951388716697693,0.0001271935342641332,"train",50.0,"2022-04-06 22:36:53.195924","","","","",""
8.0,"","","train",50.0,"2022-04-06 22:37:14.836680",0.17669469390236836,-3.0645311515012135,0.10892911801211802,0.986490629249968,23.036231945147183
8.0,"","","val",50.0,"2022-04-06 22:37:20.017402",0.17640548259837766,-3.075459482038429,0.10994410637773232,0.9795158286291276,22.425420291460927
9.0,"","","train",55.0,"2022-04-06 22:37:42.390601",0.17817852039635793,-1.0359923819171468,0.10931299504470748,0.9810606060483759,25.86873868244005
9.0,"","","val",55.0,"2022-04-06 22:37:47.344657",0.16995061706457495,-1.4456327067950028,0.1032609941105702,0.9828571428086682,25.549653875805323
10.0,0.19056124985218048,0.00015021136416410157,"train",60.0,"2022-04-06 22:37:48.683112","","","","",""
10.0,"","","train",60.0,"2022-04-06 22:38:08.717805",0.18306375845452047,0.38480624127869295,0.11263459904053985,0.9805908280119165,28.233305018427213
10.0,"","","val",60.0,"2022-04-06 22:38:13.552185",0.17529199005371068,0.6550077440575174,0.1067953206516144,0.9885714285220715,27.854944878291906
11.0,"","","train",65.0,"2022-04-06 22:38:34.192055",0.18965641445630052,0.4093262788777176,0.1166581874307831,0.988080726968389,29.09298864966865
11.0,"","","val",65.0,"2022-04-06 22:38:38.923535",0.18493752132372523,0.25767309613463457,0.1144977927290859,0.985795454496043,28.900393608108377
12.0,0.18175369501113892,0.00017758347787446985,"train",70.0,"2022-04-06 22:38:40.301840","","","","",""
12.0,"","","train",70.0,"2022-04-06 22:38:58.954331",0.1995800318384656,0.266580890843563,0.12388512528580696,0.9841047218203025,30.50551227703284
12.0,"","","val",70.0,"2022-04-06 22:39:03.048938",0.18992382419800605,2.0708934399311816,0.11721657814741455,0.9823091247179557,30.343770190602942
13.0,"","","train",75.0,"2022-04-06 22:39:21.556417",0.19812553870091187,0.8818552701161373,0.12109143691284553,0.9840631480307479,32.001480617871735
13.0,"","","val",75.0,"2022-04-06 22:39:25.513495",0.18931402493587188,1.6743061097809704,0.1143703258960847,0.9848484847993827,34.127262330058166
14.0,0.17519406974315643,0.00020917592678453977,"train",80.0,"2022-04-06 22:39:26.856018","","","","",""
14.0,"","","train",80.0,"2022-04-06 22:39:43.357690",0.2000506921831727,2.096978418306452,0.12081428259881222,0.9820827839437304,32.97504268175583
14.0,"","","val",80.0,"2022-04-06 22:39:47.238572",0.20060757702729012,-0.3517088676654652,0.12202551673848928,0.9849340865807191,34.357749402521215
15.0,"","","train",85.0,"2022-04-06 22:40:04.504857",0.20426579814678872,1.7725658264462893,0.12225238383525738,0.9829856306466711,33.41235590152558
15.0,"","","val",85.0,"2022-04-06 22:40:08.003074",0.1968099783971783,0.6736342170111375,0.11725215998312154,0.9824961396931347,35.793561146400755
16.0,0.1711777299642563,0.000244834109584203,"train",90.0,"2022-04-06 22:40:09.367752","","","","",""
16.0,"","","train",90.0,"2022-04-06 22:40:25.326953",0.20325891290386267,0.6108490558442199,0.12076569790046011,0.9763341858359924,34.29080854682976
16.0,"","","val",90.0,"2022-04-06 22:40:28.861887",0.19436853216733876,-0.32112093886246684,0.11486778010472065,0.9782186868550727,35.174467351494854
17.0,"","","train",95.0,"2022-04-06 22:40:45.114293",0.219377090494099,-0.2595139231687424,0.13062050068421419,0.9710875771654907,35.19218510841675
17.0,"","","val",95.0,"2022-04-06 22:40:48.522667",0.2061650098667814,-0.5275202583198034,0.12149615064707087,0.9716550715386102,37.70070028578503
18.0,0.16755987703800201,0.0002843835288233688,"train",100.0,"2022-04-06 22:40:49.837001","","","","",""
18.0,"","","train",100.0,"2022-04-06 22:41:04.218158",0.22365698524995228,-0.863549684242225,0.1325237010319086,0.9804578497121215,35.69519835630749
18.0,"","","val",100.0,"2022-04-06 22:41:07.614419",0.2157985101885912,-0.04207466340269258,0.12712941839244488,0.9899567099073416,37.890906283243396
19.0,"","","train",105.0,"2022-04-06 22:41:23.243844",0.21440811822702444,0.18455828263330099,0.12495592614545843,0.9807756010832375,35.09139185593782
19.0,"","","val",105.0,"2022-04-06 22:41:26.399843",0.21173357774778767,-0.7414926241105948,0.12400551103606731,0.9732670062058121,35.49042208601035
20.0,0.16124241054058075,0.00032763064483545996,"train",110.0,"2022-04-06 22:41:27.732928","","","","",""
20.0,"","","train",110.0,"2022-04-06 22:41:41.906050",0.21354117436890319,-0.17918404799831925,0.12269362285101308,0.9829370349776925,36.203175480185344
20.0,"","","val",110.0,"2022-04-06 22:41:45.002717",0.20812536649606103,-1.4688924903390488,0.1192182747882536,0.9856558974548651,37.15907888086755
21.0,"","","train",115.0,"2022-04-06 22:42:00.070980",0.21862663725312162,-1.9752126893542483,0.12478106855745456,0.98079409964846,38.8201013366617
21.0,"","","val",115.0,"2022-04-06 22:42:03.103138",0.20649350311445772,-1.5399179230442523,0.11755188451563188,0.9791608884975268,38.5752701851638
22.0,0.15994003415107727,0.0003743638228462013,"train",120.0,"2022-04-06 22:42:04.630205","","","","",""
22.0,"","","train",120.0,"2022-04-06 22:42:18.218144",0.22138749835436944,-1.393684365849836,0.1262059543899737,0.9806990445619598,41.2866036848604
22.0,"","","val",120.0,"2022-04-06 22:42:21.225133",0.2160253772906319,-2.427058539047436,0.12299250385701242,0.9851231143846461,41.7485897210993
23.0,"","","train",125.0,"2022-04-06 22:42:36.294970",0.2243944780350573,-2.749351255688825,0.12797298013462596,0.9766664609935876,42.136272916264
23.0,"","","val",125.0,"2022-04-06 22:42:39.216462",0.22072770761030602,-1.8941379820312794,0.1258267056758451,0.9753892043952903,42.50216060125504
24.0,0.15315338969230652,0.00042435436863291374,"train",130.0,"2022-04-06 22:42:40.513315","","","","",""
24.0,"","","train",130.0,"2022-04-06 22:42:53.702628",0.25035258892228146,-3.079105713304441,0.14487481852114228,0.9689153355553511,42.130357737536386
24.0,"","","val",130.0,"2022-04-06 22:42:56.394822",0.24727759426531795,-2.2112954819518005,0.14262872954452302,0.9826589594878986,43.18702999516143
25.0,"","","train",135.0,"2022-04-06 22:43:10.530868",0.2617239632658136,-3.6215102618409,0.15190414911541933,0.9766715518626957,41.28326258294336
25.0,"","","val",135.0,"2022-04-06 22:43:13.292355",0.24546332399423557,-2.3308318990094317,0.14124904338155397,0.9646792231380705,41.80541390282842
26.0,0.1568484902381897,0.00047735764766619897,"train",140.0,"2022-04-06 22:43:14.538969","","","","",""
26.0,"","","train",140.0,"2022-04-06 22:43:27.584683",0.25738837030993006,-2.762092536142884,0.14888131480220276,0.9787434396962825,41.13838103154714
26.0,"","","val",140.0,"2022-04-06 22:43:30.194618",0.2549382689500173,-3.1057776002983517,0.14736849248568307,0.9823054624135178,42.53305314741949
27.0,"","","train",145.0,"2022-04-06 22:43:44.258746",0.26270485396051435,-2.732744564660201,0.1527652535623795,0.9853836648074535,40.567663058711844
27.0,"","","val",145.0,"2022-04-06 22:43:46.893850",0.25087957501621827,-3.151282148631162,0.1450275167110992,0.983084836351105,41.51030558691983
28.0,0.14772315323352814,0.0005331142822573591,"train",150.0,"2022-04-06 22:43:48.195275","","","","",""
28.0,"","","train",150.0,"2022-04-06 22:44:00.858915",0.27572023805403273,-5.49174813547032,0.1623801040137421,0.9843893031068284,41.724997771566684
28.0,"","","val",150.0,"2022-04-06 22:44:03.471164",0.27194516612398495,-4.461635215075635,0.1606436340956077,0.9840359619485196,43.083585238574194
29.0,"","","train",155.0,"2022-04-06 22:44:17.776551",0.26469979420891265,-2.768100527869411,0.15473989798532192,0.9891727148706563,39.74686412134934
29.0,"","","val",155.0,"2022-04-06 22:44:20.627080",0.2571011068384073,-2.0348196566614463,0.15023240862127465,0.9930158729659588,41.76131821835876
30.0,0.14443367719650269,0.0005913514208531767,"train",160.0,"2022-04-06 22:44:21.895640","","","","",""
30.0,"","","train",160.0,"2022-04-06 22:44:34.634404",0.2663742246630772,-0.9488462904256915,0.1565899270035225,0.9902535175435548,37.96862098493576
30.0,"","","val",160.0,"2022-04-06 22:44:37.449933",0.25329506111912764,-0.9206623365229767,0.14795956915971895,0.9880612906914497,37.075186725581496
31.0,"","","train",165.0,"2022-04-06 22:44:51.341081",0.2906727975496383,-0.9590463222644896,0.17439047048965872,0.9891203254041665,39.180359069765935
31.0,"","","val",165.0,"2022-04-06 22:44:54.186109",0.2790496421791406,-2.2903507424475165,0.1662367896476814,0.9933333332839837,36.05841989560063
32.0,0.14205576479434967,0.0006517840732666133,"train",170.0,"2022-04-06 22:44:55.448736","","","","",""
32.0,"","","train",170.0,"2022-04-06 22:45:08.531930",0.2915947281934703,1.3398958825868235,0.17573227437900898,0.9926278870832426,37.60436165290836
32.0,"","","val",170.0,"2022-04-06 22:45:11.275840",0.27366711727686904,-2.2108994660759578,0.16265607126881465,0.9925512103789553,36.33655842279293
33.0,"","","train",175.0,"2022-04-06 22:45:25.862286",0.2734888677848938,-0.01603688051032807,0.16252360136695093,0.9939954564686825,35.37809683942286
33.0,"","","val",175.0,"2022-04-06 22:45:28.774208",0.2731318164894466,-1.6262889885040657,0.1628801884169747,0.9944751380719087,34.452792886859214
34.0,0.13367825746536255,0.0007141165053093175,"train",180.0,"2022-04-06 22:45:30.047318","","","","",""
34.0,"","","train",180.0,"2022-04-06 22:45:43.412875",0.29372109204559277,-1.5763758336349134,0.17837127725001212,0.9907148772479776,34.158980417167946
34.0,"","","val",180.0,"2022-04-06 22:45:46.207014",0.2747930757641159,-2.048761606488815,0.1641842121240386,0.9920687314190316,34.246840182058435
35.0,"","","train",185.0,"2022-04-06 22:46:00.706411",0.30758344499799695,0.35279961246130337,0.1893161104529907,0.9913721819196698,30.774377988326904
35.0,"","","val",185.0,"2022-04-06 22:46:03.476980",0.29204525112025764,-1.4004129876348455,0.17624870777058332,0.9971098265401515,31.835500680679335
36.0,0.13234375417232513,0.0007780436860011486,"train",190.0,"2022-04-06 22:46:04.791189","","","","",""
36.0,"","","train",190.0,"2022-04-06 22:46:16.727335",0.372005217688864,-0.5421274711307961,0.23538224807600935,0.990772290984252,32.68700216598691
36.0,"","","val",190.0,"2022-04-06 22:46:19.225515",0.34612902688288744,-0.5734078055083582,0.2131523172823003,0.9972067038613158,32.98101075240039
37.0,"","","train",195.0,"2022-04-06 22:46:31.914128",0.4321210110403291,-1.7099235670288107,0.28041361216265065,0.9912418656703422,35.441702981479175
37.0,"","","val",195.0,"2022-04-06 22:46:34.220202",0.3991611685356872,-1.539988886125301,0.2529888076311164,0.991803278639571,34.58001731941227
38.0,0.12728817760944366,0.0008432527802746319,"train",200.0,"2022-04-06 22:46:35.497414","","","","",""
38.0,"","","train",200.0,"2022-04-06 22:46:46.698824",0.4523217237372818,-0.9732803440155552,0.2937947960894916,0.9931924882504918,34.094190038254176
38.0,"","","val",200.0,"2022-04-06 22:46:48.960084",0.4061145796770988,-0.3313419850167361,0.2560310640335582,0.997191011186242,32.246587083069876
39.0,"","","train",205.0,"2022-04-06 22:47:01.115661",0.5240974596858153,-2.908770529894992,0.35692974662849225,0.9921487549163025,31.630337589499675
39.0,"","","val",205.0,"2022-04-06 22:47:03.448898",0.4716071591750364,-3.1339966344984185,0.3097360857543554,0.9971910111865125,31.186199282904834
40.0,0.12396523356437683,0.0009094246798696133,"train",210.0,"2022-04-06 22:47:04.728117","","","","",""
40.0,"","","train",210.0,"2022-04-06 22:47:15.389138",0.563494648847893,-3.2822637188490766,0.3946222111472634,0.9922729480206803,27.831767214033633
40.0,"","","val",210.0,"2022-04-06 22:47:17.509135",0.5543988863920727,-3.9209076303630845,0.38607470048554604,0.9970760233417093,28.217400135384505
41.0,"","","train",215.0,"2022-04-06 22:47:29.445855",0.577508170226864,-2.0687624440341046,0.40751840681195767,0.9949816810982456,27.66151293881371
41.0,"","","val",215.0,"2022-04-06 22:47:31.566221",0.5538583991923706,-2.395706600418832,0.3849922150043412,0.9962546815982708,26.898382810882726
42.0,0.11721395701169968,0.0009762355649265155,"train",220.0,"2022-04-06 22:47:32.844645","","","","",""
42.0,"","","train",220.0,"2022-04-06 22:47:43.323682",0.5794883831528284,-1.6245985838040984,0.4103412241235794,0.9946864463160586,27.01793292711916
42.0,"","","val",220.0,"2022-04-06 22:47:45.664090",0.5457380891614183,-2.6671047753255053,0.37842325696359363,0.9934691661114022,25.149844829166707
43.0,"","","train",225.0,"2022-04-06 22:47:57.589363",0.6242754104981755,0.21208616172761788,0.457514334679443,0.9935710224991445,25.357118350420166
43.0,"","","val",225.0,"2022-04-06 22:47:59.710150",0.5972987650177014,-0.18773516478534566,0.43380649904036,0.9951995900772584,23.46814362036007
44.0,0.10764193534851074,0.001043358488636349,"train",230.0,"2022-04-06 22:48:00.978995","","","","",""
44.0,"","","train",230.0,"2022-04-06 22:48:11.431643",0.6143429428403531,-0.8998672129507893,0.4476278583325279,0.9938178238616396,25.711473648459762
44.0,"","","val",230.0,"2022-04-06 22:48:13.700164",0.5927958889188119,-1.672035326930627,0.42653872721120173,0.9980952380454545,25.443313318167853
45.0,"","","train",235.0,"2022-04-06 22:48:25.219842",0.6153567567697097,-1.7192749192935584,0.44848067441724254,0.9904211533422497,25.92272108766132
45.0,"","","val",235.0,"2022-04-06 22:48:27.452886",0.6176875379214223,-2.8744383201736454,0.4518773879443005,0.9921358995352431,24.174115471008466
46.0,0.09419787675142288,0.0011104649771928128,"train",240.0,"2022-04-06 22:48:28.726899","","","","",""
46.0,"","","train",240.0,"2022-04-06 22:48:38.778506",0.740705330179602,-2.77176248660149,0.5960840706671405,0.9911041778867431,24.30878804910508
46.0,"","","val",240.0,"2022-04-06 22:48:40.763504",0.754011699697705,-2.5844905956112876,0.6101684120381942,0.9981060605558847,24.13477049931259
47.0,"","","train",245.0,"2022-04-06 22:48:52.333908",0.7398044945578558,-2.250746027589115,0.5919963676701804,0.9918318202049149,25.13599652676683
47.0,"","","val",245.0,"2022-04-06 22:48:54.311086",0.789966814837539,-3.253802720720651,0.6558004949736495,0.9962335216077657,25.390256960572646
48.0,0.09027561545372009,0.0011772266372169333,"train",250.0,"2022-04-06 22:48:55.563136","","","","",""
48.0,"","","train",250.0,"2022-04-06 22:49:05.665740",0.7935253948995215,-3.638244970300635,0.6624190997403238,0.9951444486287343,23.33855181924719
48.0,"","","val",250.0,"2022-04-06 22:49:07.644521",0.8123059944295172,-4.227887395216826,0.6886551280547287,0.9924552401486051,22.338729418301227
49.0,"","","train",255.0,"2022-04-06 22:49:19.121881",0.8206183674249501,-5.381441734965503,0.7049556772718882,0.9887337280366449,23.721143851998278
49.0,"","","val",255.0,"2022-04-06 22:49:21.099492",0.8428071562591123,-5.758977380461388,0.7337801672948694,0.9940319864825521,24.19292846768054
50.0,0.08567208051681519,0.0012433167627881238,"train",260.0,"2022-04-06 22:49:22.309352","","","","",""
50.0,"","","train",260.0,"2022-04-06 22:49:32.267896",0.8338475594299047,-9.339596706818629,0.7242697575630799,0.990255700430596,23.334488900057533
50.0,"","","val",260.0,"2022-04-06 22:49:34.219098",0.848066686480997,-10.175547176769628,0.746628484129984,0.9938582948465503,21.846510357631185
51.0,"","","train",265.0,"2022-04-06 22:49:45.634651",0.8365666233642094,-3.152598483659458,0.7279295654465298,0.9900001551975578,21.438711782018995
51.0,"","","val",265.0,"2022-04-06 22:49:47.567141",0.8655686616081851,-4.229318955008754,0.768737051069937,0.9939382238879263,20.84188967769009
52.0,0.08508189022541046,0.0013084119342174697,"train",270.0,"2022-04-06 22:49:48.809178","","","","",""
52.0,"","","train",270.0,"2022-04-06 22:49:59.245851",0.8408868367371235,-4.893711547471494,0.732717996068818,0.9919948026230104,23.416129425262493
52.0,"","","val",270.0,"2022-04-06 22:50:01.194507",0.8785716977693953,-6.256830660422153,0.794397245023704,0.9874455830902386,20.201963006457515
53.0,"","","train",275.0,"2022-04-06 22:50:12.535335",0.8587100037446054,-7.330394348081749,0.7605419928183125,0.9911801375028562,20.763559726277837
53.0,"","","val",275.0,"2022-04-06 22:50:14.499885",0.8583339313280668,-7.8556316911023485,0.758454920241001,0.993726992662947,20.43742744176072
54.0,0.08432035148143768,0.0013721936007394582,"train",280.0,"2022-04-06 22:50:15.732267","","","","",""
54.0,"","","train",280.0,"2022-04-06 22:50:25.800563",0.8405641443863204,1.5795223473245283,0.734593169598993,0.9881181802036636,20.5741404747508
54.0,"","","val",280.0,"2022-04-06 22:50:27.728472",0.8488740651093796,0.8036464274514566,0.7486874478303154,0.9812933767621397,19.713756239996073
55.0,"","","train",285.0,"2022-04-06 22:50:39.124403",0.849136569428548,-2.2089621817007816,0.7505730847444139,0.9835546300214273,20.980519380117503
55.0,"","","val",285.0,"2022-04-06 22:50:41.083790",0.8668262053781315,-2.593253400615829,0.7764659130793655,0.9873486187651994,19.998146070250737
56.0,0.07611415535211563,0.001434349639377068,"train",290.0,"2022-04-06 22:50:42.339042","","","","",""
56.0,"","","train",290.0,"2022-04-06 22:50:52.451094",0.8475708887099778,-4.2895708879513395,0.7409795192389192,0.9935162109407284,20.569855739307783
56.0,"","","val",290.0,"2022-04-06 22:50:54.360511",0.8473630884823516,-5.405234483212021,0.7435970816681596,0.9906887614151291,20.061721538885905
57.0,"","","train",295.0,"2022-04-06 22:51:05.724655",0.841192256710965,0.26706781137470753,0.73340277782029,0.9891336881626049,19.7859475441555
57.0,"","","val",295.0,"2022-04-06 22:51:07.837316",0.8364853726986277,-0.4833768798152356,0.731926144216741,0.9792305072714952,20.149602228820978
58.0,0.07613467425107956,0.0014945758823517292,"train",300.0,"2022-04-06 22:51:09.074926","","","","",""
58.0,"","","train",300.0,"2022-04-06 22:51:18.967269",0.8588916084377941,-2.6079838050716524,0.7568315236740425,0.9951399060504192,18.92172678263415
58.0,"","","val",300.0,"2022-04-06 22:51:20.900511",0.8787606557308051,-3.576971355592047,0.7928761746773977,0.9890915372486697,18.981257238315692
59.0,"","","train",305.0,"2022-04-06 22:51:32.267300",0.8615259265290055,-2.1810956350999633,0.768047042787793,0.9843481501365433,19.42301620366214
59.0,"","","val",305.0,"2022-04-06 22:51:34.209042",0.8827975573360115,-2.9228537959751164,0.8004598135227021,0.9901803751306851,19.03810787882185
60.0,0.07104871422052383,0.0015525776055636009,"train",310.0,"2022-04-06 22:51:35.440981","","","","",""
60.0,"","","train",310.0,"2022-04-06 22:51:45.434346",0.8584199279425437,-1.628548917141701,0.7651982571178265,0.984743819138452,20.055176626026427
60.0,"","","val",310.0,"2022-04-06 22:51:47.339003",0.8683056365101397,-2.7199128245351063,0.7882792115212727,0.9767007342030478,19.270317155168375
61.0,"","","train",315.0,"2022-04-06 22:51:58.207908",0.8825368062758705,-1.141798344269598,0.8012015248143259,0.9897088147865448,19.444742610350307
61.0,"","","val",315.0,"2022-04-06 22:52:00.160020",0.8926741375185615,-1.4161338567270778,0.8188351173091114,0.9866390631352709,18.44410424477523
62.0,0.0710609033703804,0.0016080709708581086,"train",320.0,"2022-04-06 22:52:01.402309","","","","",""
62.0,"","","train",320.0,"2022-04-06 22:52:11.486491",0.8911083667533789,-1.9195886076936226,0.8120978545184364,0.9937140884576076,19.51397537083297
62.0,"","","val",320.0,"2022-04-06 22:52:13.417226",0.8912828953971763,-2.7886003398250794,0.815105566406975,0.9884709968066135,19.378470620498003
63.0,"","","train",325.0,"2022-04-06 22:52:24.558778",0.8936063143055932,0.5086506644447084,0.8207656953116514,0.9879512211657399,19.27261941617648
63.0,"","","val",325.0,"2022-04-06 22:52:26.497135",0.8986082820326488,-0.8754069695730043,0.8266100785626155,0.9927741032119114,18.9147292346431
64.0,0.06706320494413376,0.0016607844150208506,"train",330.0,"2022-04-06 22:52:27.751656","","","","",""
64.0,"","","train",330.0,"2022-04-06 22:52:37.602209",0.8981509297679425,-5.178779324940201,0.8233034079007547,0.9932444326750857,18.516865533487206
64.0,"","","val",330.0,"2022-04-06 22:52:39.690510",0.8914883044126314,-5.994189550636068,0.8117915710710216,0.9944134077720567,20.050862941986505
65.0,"","","train",335.0,"2022-04-06 22:52:50.806544",0.9107315956772278,-1.8177753985753877,0.8462169090024761,0.9913691304092113,18.914223139646186
65.0,"","","val",335.0,"2022-04-06 22:52:52.733691",0.8975648117299443,-2.1021438803786503,0.8322104129816997,0.979526300104105,19.35475292239469
66.0,0.06538650393486023,0.0017104599787036566,"train",340.0,"2022-04-06 22:52:53.978590","","","","",""
66.0,"","","train",340.0,"2022-04-06 22:53:04.228928",0.9024284780899761,-1.3014813106782757,0.8342908073104903,0.9888407383847561,17.692145858602284
66.0,"","","val",340.0,"2022-04-06 22:53:06.145158",0.9003650478587365,-2.0666354807092566,0.8399344526331065,0.9749515096392277,19.16135399284788
67.0,"","","train",345.0,"2022-04-06 22:53:17.262969",0.9051895568665723,-1.6331638910133666,0.8391703344900128,0.9898887967997078,17.565298908479303
67.0,"","","val",345.0,"2022-04-06 22:53:19.206689",0.8981235718030492,-2.1024718009458163,0.8322569675785115,0.9800939618067911,18.061212898293572
68.0,0.060657840222120285,0.0017568545687785592,"train",350.0,"2022-04-06 22:53:20.463630","","","","",""
68.0,"","","train",350.0,"2022-04-06 22:53:30.158069",0.9059913163793171,-0.9173949926591097,0.8414893974252657,0.9873877127312705,18.46414347563696
68.0,"","","val",350.0,"2022-04-06 22:53:32.059079",0.901944777254582,-1.25441810768557,0.8383735972666182,0.9812354638336935,19.251372351524974
69.0,"","","train",355.0,"2022-04-06 22:53:43.279609",0.9215514493398819,-2.4815577361473857,0.8621091897923946,0.9939190662782987,18.054402220143448
69.0,"","","val",355.0,"2022-04-06 22:53:45.193995",0.9188647766190683,-3.0989554128385053,0.8629554097753095,0.9862152196099482,18.331630801787238
70.0,0.06164931878447533,0.001799741147942183,"train",360.0,"2022-04-06 22:53:46.453737","","","","",""
70.0,"","","train",360.0,"2022-04-06 22:53:56.318466",0.9156316017214069,-1.8111471230227376,0.8563690258516307,0.9869012881479887,18.000381897067182
70.0,"","","val",360.0,"2022-04-06 22:53:58.248031",0.9219381425860317,-2.270419368347639,0.8703460925729054,0.9827127138800398,17.652399893346153
71.0,"","","train",365.0,"2022-04-06 22:54:09.413141",0.9216528860161333,-0.14488645974977152,0.8641836071567225,0.991942015070712,17.499826254972664
71.0,"","","val",365.0,"2022-04-06 22:54:11.352608",0.9189215821747027,-1.0604753964401041,0.860368361521087,0.9884254023408241,17.999965475881343
72.0,0.061405353248119354,0.001838909845749105,"train",370.0,"2022-04-06 22:54:12.608602","","","","",""
72.0,"","","train",370.0,"2022-04-06 22:54:22.477966",0.9188296365038396,-1.8584807872973232,0.8612847640059713,0.9875053905878852,17.691404801432785
72.0,"","","val",370.0,"2022-04-06 22:54:24.440880",0.9155280391984514,-2.3029251738858925,0.8553343013190994,0.9867118156598661,17.628964643698833
73.0,"","","train",375.0,"2022-04-06 22:54:35.637319",0.9209346747553218,-2.7117511990079692,0.8662016422451253,0.985696597424725,17.106313683532196
73.0,"","","val",375.0,"2022-04-06 22:54:37.561322",0.9162711496641819,-3.4341844541825757,0.8580709920102412,0.9869594609102498,17.388042632486194
74.0,0.05911360681056976,0.0018741689856372,"train",380.0,"2022-04-06 22:54:38.802354","","","","",""
74.0,"","","train",380.0,"2022-04-06 22:54:48.528792",0.9245871840337933,-1.7405757357808713,0.8746499349150741,0.9845935948936182,17.559538073090167
74.0,"","","val",380.0,"2022-04-06 22:54:50.425348",0.9314593146596009,-2.6022942758729797,0.8774918279611666,0.9949602541213216,18.466752366820938
75.0,"","","train",385.0,"2022-04-06 22:55:01.627774",0.9297386675215514,-0.5818196738104126,0.8785519355831002,0.9912580183808619,17.692912544811545
75.0,"","","val",385.0,"2022-04-06 22:55:03.569303",0.9148046639811708,-1.4136208351730215,0.8565174774143536,0.984653245270615,19.086473893613487
76.0,0.05818304046988487,0.0019053460229191115,"train",390.0,"2022-04-06 22:55:04.809346","","","","",""
76.0,"","","train",390.0,"2022-04-06 22:55:14.653034",0.9258784237310406,-0.719094294983492,0.8724432651035451,0.9896192880170617,17.257490485361693
76.0,"","","val",390.0,"2022-04-06 22:55:16.774088",0.933751131620383,-0.8681632373229545,0.8832761695316204,0.9921248345089418,18.520813474603088
77.0,"","","train",395.0,"2022-04-06 22:55:27.690011",0.9155191895369167,0.754002838056504,0.8719826589473669,0.9651743363095897,18.51816418009221
77.0,"","","val",395.0,"2022-04-06 22:55:29.599050",0.9296173415386125,-0.08954041108715079,0.8864496086808841,0.9786362412994608,18.353213243966326
78.0,0.0589422881603241,0.0019322883891496772,"train",400.0,"2022-04-06 22:55:30.835245","","","","",""
78.0,"","","train",400.0,"2022-04-06 22:55:40.765332",0.9420838188528909,1.8655644801504003,0.8978235312689565,0.9930392920244239,16.737836308533666
78.0,"","","val",400.0,"2022-04-06 22:55:42.677661",0.9423962820560629,1.5160247710525485,0.8982439580501689,0.9931232927191727,17.557798763211427
79.0,"","","train",405.0,"2022-04-06 22:55:53.834894",0.9377445736617694,-2.3674686927299624,0.8944433547864542,0.9866917834791104,17.121001666352587
79.0,"","","val",405.0,"2022-04-06 22:55:55.951539",0.9266700797057617,-2.82239697986549,0.8702390286474393,0.9912379628631465,17.48464334406896
80.0,0.052568111568689346,0.0019548642387372957,"train",410.0,"2022-04-06 22:55:57.192079","","","","",""
80.0,"","","train",410.0,"2022-04-06 22:56:07.031737",0.9328655895522147,-2.9443631189198327,0.8845952692207537,0.9893170472504328,17.186290189033464
80.0,"","","val",410.0,"2022-04-06 22:56:08.922207",0.9337012820254219,-3.0191814656897242,0.8930018458289771,0.9797182513076446,17.662831122109633
81.0,"","","train",415.0,"2022-04-06 22:56:20.053792",0.9412245894709627,-1.8357744614697797,0.8979466589803061,0.9900491088746738,17.99479041581101
81.0,"","","val",415.0,"2022-04-06 22:56:21.941885",0.9371715839832081,-1.3178151260504194,0.8938236458488235,0.9876013036851647,17.563960023898353
82.0,0.05202150344848633,0.001972963094145611,"train",420.0,"2022-04-06 22:56:23.174349","","","","",""
82.0,"","","train",420.0,"2022-04-06 22:56:33.107396",0.9409063392213842,-3.1757259238942006,0.9018161362344642,0.9849805676866766,17.0374063713441
82.0,"","","val",420.0,"2022-04-06 22:56:35.009695",0.9354748235776026,-3.2209966461567903,0.9022816344944707,0.9717743941398312,17.467468181235397
83.0,"","","train",425.0,"2022-04-06 22:56:46.048091",0.9411600928468382,-4.349409122520961,0.8985143787192723,0.9898517997103294,16.98932905719836
83.0,"","","val",425.0,"2022-04-06 22:56:47.922848",0.9482835188274737,-4.421706077871314,0.9140826640076956,0.9871104126421454,16.31200373629162
84.0,0.05258753150701523,0.0019864963865281375,"train",430.0,"2022-04-06 22:56:49.182234","","","","",""
84.0,"","","train",430.0,"2022-04-06 22:56:59.008183",0.9502061431023523,-2.695260494819555,0.9127085618977017,0.9919280797960118,16.741240641009757
84.0,"","","val",430.0,"2022-04-06 22:57:00.914136",0.9442837843327769,-2.8442352594888156,0.9148345791258788,0.9766676649219629,17.090628928752405
85.0,"","","train",435.0,"2022-04-06 22:57:12.072448",0.948252188681363,-0.022239544556194108,0.9115072046407194,0.9888760453657968,16.62143259203742
85.0,"","","val",435.0,"2022-04-06 22:57:14.272080",0.9501734493452773,-0.3147792321545945,0.9221790442866068,0.9803624479611566,17.452055320061348
86.0,0.050019364804029465,0.001995397889150178,"train",440.0,"2022-04-06 22:57:15.562686","","","","",""
86.0,"","","train",440.0,"2022-04-06 22:57:25.407072",0.9527005376700871,0.12398775126946404,0.922309602069162,0.9857628720653783,17.029142535165906
86.0,"","","val",440.0,"2022-04-06 22:57:27.343467",0.9496094091705575,-0.5121104288038639,0.9221376973445704,0.9788852813367056,16.854077144458962
87.0,"","","train",445.0,"2022-04-06 22:57:38.645132",0.9585391583597526,-1.2929202337129493,0.9328434898481027,0.9862784336676631,16.493094108267375
87.0,"","","val",445.0,"2022-04-06 22:57:40.537328",0.957304738596176,-1.6117694824103026,0.9427277432257889,0.9724012259866229,16.74171907997903
88.0,0.05005521699786186,0.001999624041477023,"train",450.0,"2022-04-06 22:57:41.801134","","","","",""
88.0,"","","train",450.0,"2022-04-06 22:57:51.667334",0.9417037183135936,-1.6248772635511284,0.9091153825870762,0.9778689478092647,17.402698808883006
88.0,"","","val",450.0,"2022-04-06 22:57:53.573886",0.956992645666968,-1.6266224384490637,0.9490790753033505,0.965208408046521,17.77812852183958
89.0,"","","train",455.0,"2022-04-06 22:58:04.610647",0.9602583549763303,-1.1211792966873528,0.9314423798448179,0.9913391948451281,16.788817177791426
89.0,"","","val",455.0,"2022-04-06 22:58:06.534907",0.95800770194336,-0.7495203422795432,0.9268376581102721,0.9920959595462678,17.78824367146299
90.0,0.04861601069569588,0.0019998388685735866,"train",460.0,"2022-04-06 22:58:07.780723","","","","",""
90.0,"","","train",460.0,"2022-04-06 22:58:17.664908",0.9507498716785098,-1.8576527651771997,0.9153295521894304,0.9898928072378902,16.323686170388008
90.0,"","","val",460.0,"2022-04-06 22:58:19.602944",0.9499457284690527,-1.9792023400047423,0.91799776204663,0.9854528725972967,17.03070550633416
91.0,"","","train",465.0,"2022-04-06 22:58:30.710100",0.958701792694404,-2.807493453954995,0.927294667399044,0.9929296515492166,16.01904826889627
91.0,"","","val",465.0,"2022-04-06 22:58:32.797357",0.9420474257624148,-2.7061947490860767,0.8976786609359572,0.9915147344991478,16.152718946981707
92.0,0.05091109126806259,0.0019988543645649607,"train",470.0,"2022-04-06 22:58:34.051988","","","","",""
92.0,"","","train",470.0,"2022-04-06 22:58:43.807165",0.9618775322866234,-2.07374034765637,0.930172263940511,0.9964246163156729,16.48932270181881
92.0,"","","val",470.0,"2022-04-06 22:58:45.729889",0.9689108180700692,-2.7394631781702175,0.9465043875578836,0.9925648738718652,17.378116435018594
93.0,"","","train",475.0,"2022-04-06 22:58:56.954831",0.9553710685136235,-3.0420250988905537,0.9231674240008916,0.9907520806107234,17.144237668783177
93.0,"","","val",475.0,"2022-04-06 22:58:58.869779",0.9500415608727909,-2.7308771238395515,0.9222569661163691,0.9804792922755539,16.536107801732385
94.0,0.047270167618989944,0.0019969757542027543,"train",480.0,"2022-04-06 22:59:00.119528","","","","",""
94.0,"","","train",480.0,"2022-04-06 22:59:09.807809",0.95411431384084,-0.8932165910490065,0.9199163602134209,0.9920950297279744,16.550391224636332
94.0,"","","val",480.0,"2022-04-06 22:59:11.854437",0.946350665608081,-0.46766055168362425,0.908835228258633,0.9873015872519981,16.729983078912884
95.0,"","","train",485.0,"2022-04-06 22:59:22.863462",0.9589180278634966,-4.708079639104386,0.9287262581801635,0.992015348611042,16.355995705360204
95.0,"","","val",485.0,"2022-04-06 22:59:24.780784",0.9576849676516507,-4.6991401368958385,0.9351086821236608,0.981616117060094,16.070249964142075
96.0,0.04706614091992378,0.001994204719097668,"train",490.0,"2022-04-06 22:59:26.018125","","","","",""
96.0,"","","train",490.0,"2022-04-06 22:59:35.816992",0.9606310615983779,-2.9432015129931792,0.9315933263221136,0.9918831877486646,16.972005220214225
96.0,"","","val",490.0,"2022-04-06 22:59:37.744217",0.9663846354960611,-3.2279447655748235,0.9446780113001512,0.9892473117791254,17.3119874329907
97.0,"","","train",495.0,"2022-04-06 22:59:48.891781",0.9610929870649865,-1.8816930643575585,0.9289952962175926,0.9961548241711559,16.033940617991547
97.0,"","","val",495.0,"2022-04-06 22:59:50.826830",0.9578272753958553,-1.7345646851178695,0.9416995405083259,0.9753961045905363,16.350894622643413
98.0,0.04497192054986954,0.0019905437397014095,"train",500.0,"2022-04-06 22:59:52.082603","","","","",""
98.0,"","","train",500.0,"2022-04-06 23:00:01.869753",0.9548832004416984,-4.330308550974643,0.9189117585287653,0.9946576565117683,16.954418471824457
98.0,"","","val",500.0,"2022-04-06 23:00:03.773034",0.9536698418876607,-4.688237849724401,0.926468112453405,0.9825330054438889,16.14811103596569
99.0,"","","train",505.0,"2022-04-06 23:00:14.968069",0.9631255865778184,-3.166111160272178,0.9359700216926138,0.9925850103803572,16.395811456742948
99.0,"","","val",505.0,"2022-04-06 23:00:16.864036",0.9639822816671778,-3.314264664811548,0.9471561099925815,0.9815415014647942,16.259000752055666
100.0,0.04299231991171837,0.0019859960930863566,"train",510.0,"2022-04-06 23:00:18.138429","","","","",""
100.0,"","","train",510.0,"2022-04-06 23:00:27.935957",0.9562163420975199,-2.0588995216722914,0.9222036620358187,0.9937142529611402,16.313343218218197
100.0,"","","val",510.0,"2022-04-06 23:00:29.827478",0.9547464270898779,-1.4437482595377347,0.9197164359255071,0.9929763894720209,16.752060851199168
101.0,"","","train",515.0,"2022-04-06 23:00:41.009691",0.9579802268971697,-2.4451002307857075,0.9272438140950183,0.9914962916303414,16.69435798056563
101.0,"","","val",515.0,"2022-04-06 23:00:42.942919",0.9711362064690512,-3.2892158083347454,0.9523320955591729,0.9909395287175977,17.30179010545348
102.0,0.04299183934926987,0.001980565850012131,"train",520.0,"2022-04-06 23:00:44.217760","","","","",""
102.0,"","","train",520.0,"2022-04-06 23:00:54.247878",0.9560011127089282,-2.89721062200857,0.9204274678303003,0.9950024664998232,16.78340242856744
102.0,"","","val",520.0,"2022-04-06 23:00:56.138179",0.96250521181077,-3.7859306391283134,0.9450253137509069,0.9809060631996996,16.210569960216656
103.0,"","","train",525.0,"2022-04-06 23:01:07.172278",0.9567654035152359,-3.225546568470166,0.9247331315379976,0.9914167092128783,16.760318132569115
103.0,"","","val",525.0,"2022-04-06 23:01:09.258524",0.9541327860420767,-3.5966416839400766,0.9327518986047263,0.9766847891266087,16.58237648432485
104.0,0.04078134521842003,0.001974257871281718,"train",530.0,"2022-04-06 23:01:10.526101","","","","",""
104.0,"","","train",530.0,"2022-04-06 23:01:20.360344",0.9572199635726547,-4.7232468795020575,0.929820695041518,0.9866732779728674,16.569802650622705
104.0,"","","val",530.0,"2022-04-06 23:01:22.269635",0.953250969130312,-4.951586278571715,0.9285494559644167,0.9796098919748538,16.530446720135718
105.0,"","","train",535.0,"2022-04-06 23:01:33.507472",0.957511065163442,-3.051590694234573,0.9257645336470506,0.992557986411347,16.408533409793066
105.0,"","","val",535.0,"2022-04-06 23:01:35.416670",0.9599863925065345,-2.863772049736859,0.9436294349353199,0.9770127423880721,16.840128025819578
106.0,0.041124071925878525,0.0019670778033903896,"train",540.0,"2022-04-06 23:01:36.676527","","","","",""
106.0,"","","train",540.0,"2022-04-06 23:01:46.560574",0.9607546768115508,-2.5075019769727724,0.9344796239325701,0.9889855453998034,16.968966500959805
106.0,"","","val",540.0,"2022-04-06 23:01:48.453654",0.9603017791183884,-2.5715256253717818,0.947859033725705,0.9736548657657984,16.75653286569069
107.0,"","","train",545.0,"2022-04-06 23:01:59.788505",0.9571839811640322,-1.6312089492608095,0.9246651198428285,0.992534236715433,16.76303693192138
107.0,"","","val",545.0,"2022-04-06 23:02:01.692289",0.9615531875878097,-0.8267512818522569,0.9532183957037117,0.9701296889927943,17.49414699301047
108.0,0.040821947157382965,0.0019590320734713274,"train",550.0,"2022-04-06 23:02:02.938950","","","","",""
108.0,"","","train",550.0,"2022-04-06 23:02:12.881853",0.9605077023589143,-0.8339275108257311,0.930348895706556,0.9933843933618077,17.13172605415268
108.0,"","","val",550.0,"2022-04-06 23:02:14.804667",0.9612858148946238,-1.1270830685064095,0.9348450127493718,0.9898859963802783,16.74760405286297
109.0,"","","train",555.0,"2022-04-06 23:02:25.776466",0.9549481010732649,-1.8577807249051947,0.9220923700380256,0.9908984231563308,17.31192633875897
109.0,"","","val",555.0,"2022-04-06 23:02:27.839492",0.9448371767155966,-1.857541976328104,0.9310152278797038,0.9600867331426376,17.552928881739195
110.0,0.039894718676805496,0.0019501278835424652,"train",560.0,"2022-04-06 23:02:29.075615","","","","",""
110.0,"","","train",560.0,"2022-04-06 23:02:38.987409",0.9611819580733775,-1.82358744517812,0.9324271041271066,0.992443748118644,16.970080766491403
110.0,"","","val",560.0,"2022-04-06 23:02:40.865450",0.9556195017234286,-1.4077518393703368,0.9228080911501971,0.9917459072995184,16.44110274829814
111.0,"","","train",565.0,"2022-04-06 23:02:51.951023",0.9613143354738861,-3.2261987133648673,0.937090652795647,0.9874082761655177,17.06415055130037
111.0,"","","val",565.0,"2022-04-06 23:02:53.862989",0.964753084175333,-3.8155798861194334,0.9453470454012032,0.9854224695696409,17.003961693854034
112.0,0.04011594504117966,0.0019403732040597112,"train",570.0,"2022-04-06 23:02:55.117348","","","","",""
112.0,"","","train",570.0,"2022-04-06 23:03:05.108387",0.9575999969802157,-2.079000984162724,0.9272590167929357,0.9908770754508751,17.011304957780123
112.0,"","","val",570.0,"2022-04-06 23:03:07.018165",0.960081027253232,-2.657303063473249,0.9357321754102245,0.9863872973138665,16.611507477028113
113.0,"","","train",575.0,"2022-04-06 23:03:18.369508",0.9661777092538159,-4.081142729422475,0.942831347987591,0.9911460390108053,16.381906627204668
113.0,"","","val",575.0,"2022-04-06 23:03:20.296417",0.9689841031474412,-3.5859425662891673,0.9454339016909769,0.9943924842061173,17.03373743070731
114.0,0.039961181581020355,0.0019297767667823076,"train",580.0,"2022-04-06 23:03:21.574463","","","","",""
114.0,"","","train",580.0,"2022-04-06 23:03:31.552272",0.9587082227274982,-4.268665374550184,0.9278868637073755,0.9924928482737269,17.15882746771545
114.0,"","","val",580.0,"2022-04-06 23:03:33.490417",0.9629268090422386,-3.472914586845164,0.941588543940111,0.9854881596939215,17.18668971017309
115.0,"","","train",585.0,"2022-04-06 23:03:44.505855",0.954108213531797,-3.7541253168864195,0.92350780492466,0.9877979755734958,17.127930240666526
115.0,"","","val",585.0,"2022-04-06 23:03:46.410831",0.9557001698055788,-3.3540217297465524,0.940786577211182,0.9714035087230575,16.47260997721617
116.0,0.039047058671712875,0.001918348056956725,"train",590.0,"2022-04-06 23:03:47.817298","","","","",""
116.0,"","","train",590.0,"2022-04-06 23:03:57.671540",0.960700303788936,-3.132579316558283,0.9331613201984464,0.9904882487491958,16.8463900477452
116.0,"","","val",590.0,"2022-04-06 23:03:59.573937",0.9602074705919942,-3.2701973345417237,0.9415773833362769,0.9798319662304261,16.555630847478906
117.0,"","","train",595.0,"2022-04-06 23:04:10.696794",0.9623345664536697,-2.7545725276467046,0.9333988819128408,0.9939109450053626,16.73272798345476
117.0,"","","val",595.0,"2022-04-06 23:04:12.622447",0.9660143680015638,-2.050949250141521,0.9381020411129724,0.9959388732041036,16.26807274792872
118.0,0.03712364286184311,0.001906097304826082,"train",600.0,"2022-04-06 23:04:13.896658","","","","",""
118.0,"","","train",600.0,"2022-04-06 23:04:23.661378",0.9643426372322118,-1.175990170445683,0.9373120647373959,0.9936452360093138,17.04828257404295
118.0,"","","val",600.0,"2022-04-06 23:04:25.567045",0.9646281589637762,-0.987133277052223,0.9411910333650497,0.9896761734507816,17.111378639503517
119.0,"","","train",605.0,"2022-04-06 23:04:36.718502",0.9610016986738312,-2.4050847278817002,0.9349478782677911,0.9890155645093931,17.12394549461561
119.0,"","","val",605.0,"2022-04-06 23:04:38.644880",0.9610339151114194,-2.2217599354968285,0.9449132746186404,0.9780838188818346,17.165958799062853
120.0,0.038201358169317245,0.0018930354764726909,"train",610.0,"2022-04-06 23:04:39.919067","","","","",""
120.0,"","","train",610.0,"2022-04-06 23:04:49.866274",0.9575879633342899,-1.917232444020166,0.9270748840256906,0.9906227096084876,17.169490246554926
120.0,"","","val",610.0,"2022-04-06 23:04:51.767952",0.9660845208040273,-1.3048017468209683,0.9476164307306121,0.9857303370285786,17.214189087944884
121.0,"","","train",615.0,"2022-04-06 23:05:02.721508",0.9616592577439725,-1.1772229638410476,0.936320187635059,0.988899140090886,17.0101045455739
121.0,"","","val",615.0,"2022-04-06 23:05:04.648900",0.9711418291989307,-0.8033403589801674,0.9540161724602688,0.9889624723561857,17.041439161185433
122.0,0.038332752883434296,0.0018791742640019307,"train",620.0,"2022-04-06 23:05:05.913139","","","","",""
122.0,"","","train",620.0,"2022-04-06 23:05:15.858831",0.962370997647466,-2.2045815757902383,0.934942646281269,0.9922580917155265,16.67000725528745
122.0,"","","val",620.0,"2022-04-06 23:05:17.769932",0.9606022303884941,-2.3007010045748744,0.9496841443354024,0.9720407021172335,16.99171417165251
123.0,"","","train",625.0,"2022-04-06 23:05:29.051541",0.9642458324743722,-3.8563905380653005,0.938506354960824,0.9920183258649825,17.04898275190963
123.0,"","","val",625.0,"2022-04-06 23:05:30.993053",0.9660236789595249,-4.151872551351825,0.9540796767049023,0.978369218451855,16.619511586833088
124.0,0.037289392203092575,0.0018645260750762285,"train",630.0,"2022-04-06 23:05:32.307058","","","","",""
124.0,"","","train",630.0,"2022-04-06 23:05:42.192863",0.9633285406168163,-2.8049377809481193,0.9364653372560651,0.992463998388795,16.627609348889298
124.0,"","","val",630.0,"2022-04-06 23:05:44.087366",0.970333185244022,-2.431417265230113,0.9583613858694902,0.9826535219259595,16.036669261959428
125.0,"","","train",635.0,"2022-04-06 23:05:55.378493",0.9624599286191624,-1.8193921242761657,0.9363160123699371,0.9909574216351423,17.429545342577363
125.0,"","","val",635.0,"2022-04-06 23:05:57.310278",0.9622483051860087,-1.8962763116942678,0.9537119082256562,0.9714903760473127,17.285379497908064
126.0,0.03500032052397728,0.0018491040218085206,"train",640.0,"2022-04-06 23:05:58.570479","","","","",""
126.0,"","","train",640.0,"2022-04-06 23:06:08.233684",0.9636832158044943,-2.4337198448709594,0.9379573130659101,0.9915319439373306,17.023760213604934
126.0,"","","val",640.0,"2022-04-06 23:06:10.146392",0.9614194391396672,-2.6433093362839286,0.949582952298952,0.973677667923167,16.636135871487557
127.0,"","","train",645.0,"2022-04-06 23:06:21.346762",0.9625454113400082,-2.5332745482855032,0.93327911271769,0.9945386742412596,17.271292180312177
127.0,"","","val",645.0,"2022-04-06 23:06:23.307322",0.9720461874314298,-2.3671626779366726,0.9525693561914713,0.992830326418268,16.525158545243332
128.0,0.03570699691772461,0.0018329219090251364,"train",650.0,"2022-04-06 23:06:24.583294","","","","",""
128.0,"","","train",650.0,"2022-04-06 23:06:34.597221",0.9656453979560503,-2.1847468884364787,0.9363139478548498,0.9975281547196481,16.79421812743865
128.0,"","","val",650.0,"2022-04-06 23:06:36.520936",0.9615758174328076,-2.2779682925905065,0.9346404151906444,0.991029476338339,16.36289202939682
129.0,"","","train",655.0,"2022-04-06 23:06:47.558943",0.9637713463152494,-2.098274104135765,0.9378525005176125,0.9916647945014074,16.290679337863693
129.0,"","","val",655.0,"2022-04-06 23:06:49.485853",0.9709026654498122,-1.9945476317867978,0.9555132191166905,0.9869281045265089,17.25466154266411
130.0,0.034609559923410416,0.0018159942219086094,"train",660.0,"2022-04-06 23:06:50.779907","","","","",""
130.0,"","","train",660.0,"2022-04-06 23:07:00.589265",0.9662903927593277,-0.5990203060508961,0.9407698919177273,0.9938748378594818,16.938905850891196
130.0,"","","val",660.0,"2022-04-06 23:07:02.534022",0.9663995101735906,-0.4741669478372354,0.956088508464779,0.9770021644537675,16.46626064625717
131.0,"","","train",665.0,"2022-04-06 23:07:13.881128",0.9644957732373203,-1.6434933766160913,0.9401085621254966,0.991063403528762,16.62358540110161
131.0,"","","val",665.0,"2022-04-06 23:07:15.797146",0.9602054783119365,-1.8435608783330437,0.9394537675501798,0.9822958580064934,16.562165394075393
132.0,0.034608326852321625,0.0017983361130314759,"train",670.0,"2022-04-06 23:07:17.058374","","","","",""
132.0,"","","train",670.0,"2022-04-06 23:07:26.792957",0.9620660581360339,-1.9910015612636254,0.9350651115187208,0.9913519975340229,16.375965963544143
132.0,"","","val",670.0,"2022-04-06 23:07:28.710970",0.9741266251031183,-2.207498831825325,0.9555791963470682,0.9940548723705311,17.275054950917504
133.0,"","","train",675.0,"2022-04-06 23:07:40.311447",0.9670523839749746,-2.735645661813971,0.9445417887340938,0.9913744614861426,17.35908557198049
133.0,"","","val",675.0,"2022-04-06 23:07:42.255047",0.9726609208896854,-2.9455368519251066,0.9549943997091596,0.9913611702165986,17.51693949468802
134.0,0.03397638723254204,0.0017799633887926715,"train",680.0,"2022-04-06 23:07:43.516896","","","","",""
134.0,"","","train",680.0,"2022-04-06 23:07:53.196579",0.966113109126349,-0.7154088111751497,0.9423577973846601,0.9916709809600998,16.93401138514986
134.0,"","","val",680.0,"2022-04-06 23:07:55.095162",0.9603332046104889,-1.4450431234773216,0.9346015462504149,0.9886369397777103,17.434177940907773
135.0,"","","train",685.0,"2022-04-06 23:08:06.448099",0.9680988037228452,-2.3420144575207105,0.9436340340807224,0.9943479439229606,17.326431001953395
135.0,"","","val",685.0,"2022-04-06 23:08:08.363919",0.9633561881665663,-2.0296594133464794,0.9417169056832494,0.9864564096089312,16.762345336967133
136.0,0.03295224905014038,0.0017608924952686631,"train",690.0,"2022-04-06 23:08:09.615720","","","","",""
136.0,"","","train",690.0,"2022-04-06 23:08:19.540496",0.9664464219142168,-2.9764696795544374,0.9449763668907591,0.9895678610499488,17.067957959930002
136.0,"","","val",690.0,"2022-04-06 23:08:21.438628",0.9691921655388024,-2.7365298303229344,0.9450235835101061,0.9949353515742095,16.967128048965012
137.0,"","","train",695.0,"2022-04-06 23:08:32.477683",0.9618203849242793,-2.957831105737597,0.9368651449276543,0.9891007080959625,17.14020145452081
137.0,"","","val",695.0,"2022-04-06 23:08:34.393920",0.9716448093727542,-3.057341208190921,0.952802738508778,0.9916757278720466,17.482647547061834
138.0,0.03171459212899208,0.0017411405034919824,"train",700.0,"2022-04-06 23:08:35.664476","","","","",""
138.0,"","","train",700.0,"2022-04-06 23:08:45.689561",0.9643373295837495,-3.3225330465526164,0.9379613176168138,0.9927820705747434,16.910105262512936
138.0,"","","val",700.0,"2022-04-06 23:08:47.620310",0.962863546299833,-3.274025913497274,0.944917424721503,0.9818083466858994,17.079485553665418
139.0,"","","train",705.0,"2022-04-06 23:08:58.620406",0.9641831208244303,-2.19106792512668,0.9368324327001752,0.9938172977200761,17.359845259423576
139.0,"","","val",705.0,"2022-04-06 23:09:00.544886",0.964604212420935,-2.850283073304601,0.9445884251408739,0.9861615244515342,17.559075747023318
140.0,0.03201720491051674,0.0017207250941703417,"train",710.0,"2022-04-06 23:09:02.013433","","","","",""
140.0,"","","train",710.0,"2022-04-06 23:09:11.653139",0.9665651549854041,-3.4774169827290273,0.9432718962362139,0.9916013031325942,17.193014571351625
140.0,"","","val",710.0,"2022-04-06 23:09:13.571467",0.9610508444351874,-3.397832016587915,0.9358300759156576,0.9883638583152768,16.99749734635689
141.0,"","","train",715.0,"2022-04-06 23:09:24.712209",0.9624941322585646,-4.141337509496293,0.9339358323606876,0.9935696071724803,17.633353039095095
141.0,"","","val",715.0,"2022-04-06 23:09:26.610024",0.9675014654984168,-3.7864756717858015,0.9498277988310054,0.9862273329889374,16.696910985040663
142.0,0.033154040575027466,0.0016996645418600033,"train",720.0,"2022-04-06 23:09:27.871314","","","","",""
142.0,"","","train",720.0,"2022-04-06 23:09:37.722042",0.9625697009283054,-3.1936455956741754,0.9372462509063961,0.9897753416939565,17.29331904298007
142.0,"","","val",720.0,"2022-04-06 23:09:39.735027",0.9647344703537349,-3.446730120038192,0.9508218805304026,0.9794768439393248,17.065148191839103
143.0,"","","train",725.0,"2022-04-06 23:09:50.968774",0.9602638327902038,-2.595308650472808,0.9303409199102783,0.9929948143971926,17.2120224497348
143.0,"","","val",725.0,"2022-04-06 23:09:52.877602",0.9657957848135275,-2.857747510279424,0.9433094915183199,0.9897934398690631,16.531478796193063
144.0,0.033256229013204575,0.0016779776986075787,"train",730.0,"2022-04-06 23:09:54.189015","","","","",""
144.0,"","","train",730.0,"2022-04-06 23:10:04.214681",0.9694853261199575,-1.7594759088216207,0.9453138552578931,0.9954723011581988,16.79633041524754
144.0,"","","val",730.0,"2022-04-06 23:10:06.111982",0.9701848117905926,-2.1248507183783425,0.9451926201465043,0.9971264367311424,16.64825342158594
145.0,"","","train",735.0,"2022-04-06 23:10:17.203371",0.9618660424534816,-1.88381225991951,0.9328812849876305,0.9933742018765138,17.300279364948548
145.0,"","","val",735.0,"2022-04-06 23:10:19.110669",0.9672933179827424,-1.6693565384751672,0.9398114963974359,0.9971195835148478,17.747815681668943
146.0,0.03172346577048302,0.0016556839770748928,"train",740.0,"2022-04-06 23:10:20.561937","","","","",""
146.0,"","","train",740.0,"2022-04-06 23:10:30.352186",0.9648649202839349,-4.102221303650129,0.9393761280129826,0.9920885982757816,17.378595323791256
146.0,"","","val",740.0,"2022-04-06 23:10:32.224549",0.9595110314200322,-3.5879050511729638,0.9333617158564884,0.9873855790399447,16.227577316124705
147.0,"","","train",745.0,"2022-04-06 23:10:43.306650",0.9635869928214321,-4.085767297819689,0.9363818310105998,0.993042279249158,17.149496086259077
147.0,"","","val",745.0,"2022-04-06 23:10:45.230300",0.948444505027091,-3.5348852843363225,0.9183986210444478,0.9817233285198652,16.563285902280732
148.0,0.030432287603616714,0.0016328033331620233,"train",750.0,"2022-04-06 23:10:46.498395","","","","",""
148.0,"","","train",750.0,"2022-04-06 23:10:56.252430",0.9642965366450421,-2.422828066521067,0.938197728701843,0.9922346101006178,17.495406463207704
148.0,"","","val",750.0,"2022-04-06 23:10:58.158931",0.9731214870101631,-2.0708995970346664,0.9516129802558407,0.9962121211625493,16.592858432245748
149.0,"","","train",755.0,"2022-04-06 23:11:09.249128",0.9645084139947991,-2.0498353992934,0.9407235946705542,0.9900212887350385,17.8344556517833
149.0,"","","val",755.0,"2022-04-06 23:11:11.150277",0.9723192198359549,-2.3700227252694717,0.9501881560257819,0.9959343583185518,17.259213103224955
150.0,0.029607731848955154,0.0016093562481440658,"train",760.0,"2022-04-06 23:11:12.403391","","","","",""
150.0,"","","train",760.0,"2022-04-06 23:11:22.124953",0.9607409647097387,-0.12639175380972745,0.9321536489172075,0.9917703823829772,17.569075118026223
150.0,"","","val",760.0,"2022-04-06 23:11:24.006517",0.9604401986687936,-0.33460601906337456,0.9309268949614649,0.9923195983055381,16.957431177000405
151.0,"","","train",765.0,"2022-04-06 23:11:35.022837",0.9655401675314518,-1.7776190773857425,0.9407181929343288,0.9923796131466452,17.928088036507734
151.0,"","","val",765.0,"2022-04-06 23:11:36.974612",0.9657731415832811,-2.059965238645386,0.9399712845251035,0.9936242045983867,16.812512870995658
152.0,0.028971925377845764,0.0015853637103376203,"train",770.0,"2022-04-06 23:11:38.238097","","","","",""
152.0,"","","train",770.0,"2022-04-06 23:11:48.162815",0.9660645155619884,-1.8745706576033747,0.9390451427372901,0.9949944788547777,17.44086313622696
152.0,"","","val",770.0,"2022-04-06 23:11:50.067611",0.9680581225517014,-1.9702064325270758,0.9477062982708592,0.9896545742394346,16.734937105584578
153.0,"","","train",775.0,"2022-04-06 23:12:01.070542",0.9681208933473643,-2.167415558553673,0.9439571814908781,0.9938656011847612,17.37797917556469
153.0,"","","val",775.0,"2022-04-06 23:12:02.989424",0.9650059886613088,-2.448790221832359,0.940509543897256,0.9917971101246881,16.70913378648375
154.0,0.02945011667907238,0.0015608471963134054,"train",780.0,"2022-04-06 23:12:04.235076","","","","",""
154.0,"","","train",780.0,"2022-04-06 23:12:14.158145",0.9637350674510925,-1.7594960192535798,0.938674793387288,0.9908299264426804,18.036111819144256
154.0,"","","val",780.0,"2022-04-06 23:12:16.078703",0.9613939294952173,-1.8423811561270032,0.9370543332937463,0.9876612326581283,17.334936697740783
155.0,"","","train",785.0,"2022-04-06 23:12:27.357274",0.9625160558825582,-2.7217355536387466,0.9345135973749983,0.9926905938827093,17.773675343106387
155.0,"","","val",785.0,"2022-04-06 23:12:29.248737",0.9648419485830212,-2.7455788739681033,0.940576239280147,0.9911250388202637,16.941027539492875
156.0,0.02986927144229412,0.0015358286516718165,"train",790.0,"2022-04-06 23:12:30.511088","","","","",""
156.0,"","","train",790.0,"2022-04-06 23:12:40.328280",0.9615392207978042,-1.3893509641879263,0.9366229937330646,0.9885328401801301,17.54316130661925
156.0,"","","val",790.0,"2022-04-06 23:12:42.252544",0.972897210217698,-1.9267073817166676,0.9634060455097488,0.9828485322794331,16.199677963930164
157.0,"","","train",795.0,"2022-04-06 23:12:53.487684",0.9601934079796276,-2.4354254617791917,0.9331056192307283,0.9894853377705672,17.519989958169102
157.0,"","","val",795.0,"2022-04-06 23:12:55.418854",0.9738086423210626,-2.9999549396208836,0.9522003597126926,0.9971910111858127,16.84650433414154
158.0,0.0290820449590683,0.0015103304713986452,"train",800.0,"2022-04-06 23:12:56.721793","","","","",""
158.0,"","","train",800.0,"2022-04-06 23:13:06.355925",0.9605626495590246,-2.902313399388922,0.9316480539956835,0.9921990008295934,17.435499066619307
158.0,"","","val",800.0,"2022-04-06 23:13:08.282238",0.9689385130606855,-2.7072604193192427,0.9503204407152507,0.988897455492082,17.720134189180623
159.0,"","","train",805.0,"2022-04-06 23:13:19.555185",0.9642663624233098,-3.4104304097814677,0.9372338013689819,0.993598038059886,17.399833762608136
159.0,"","","val",805.0,"2022-04-06 23:13:21.465690",0.9665721028933553,-3.26461007630745,0.9551978114014723,0.9783891434875082,17.109721015306214
160.0,0.029192164540290833,0.0014843754798185306,"train",810.0,"2022-04-06 23:13:22.748659","","","","",""
160.0,"","","train",810.0,"2022-04-06 23:13:32.673085",0.9676438563862003,-2.8210546968726242,0.9428988466079118,0.9941679303326488,17.564985477692005
160.0,"","","val",810.0,"2022-04-06 23:13:34.748699",0.9658376695189487,-2.9308171558840606,0.9417105978985848,0.9916651478762559,17.267540891251375
161.0,"","","train",815.0,"2022-04-06 23:13:45.757693",0.965910860389783,-3.4644687265460674,0.9378491765576378,0.996366551792336,17.362779582316126
161.0,"","","val",815.0,"2022-04-06 23:13:47.663450",0.963548367366509,-3.187727272727271,0.934858212904348,0.9946670653411042,17.733864594617188
162.0,0.02823440358042717,0.0014579869101640991,"train",820.0,"2022-04-06 23:13:48.924988","","","","",""
162.0,"","","train",820.0,"2022-04-06 23:13:59.025309",0.9713212535799842,-3.5422176311365434,0.9479249199855396,0.9961721529721864,17.507475982260775
162.0,"","","val",820.0,"2022-04-06 23:14:00.940588",0.9706231916044299,-3.5475270851591367,0.9513671533694779,0.9910277321946249,16.88856083502999
163.0,"","","train",825.0,"2022-04-06 23:14:12.156420",0.9666228827814186,-2.854037044500982,0.9396159801307741,0.9958039481469477,17.75854926449949
163.0,"","","val",825.0,"2022-04-06 23:14:14.076950",0.9652946526133834,-2.339404761904762,0.9414232114178732,0.9906391934812864,17.331620959618586
164.0,0.028607934713363647,0.0014311883837790742,"train",830.0,"2022-04-06 23:14:15.346430","","","","",""
164.0,"","","train",830.0,"2022-04-06 23:14:25.214311",0.9662479856459982,-2.498940324215957,0.9419968989954258,0.992231390096428,17.993330882055925
164.0,"","","val",830.0,"2022-04-06 23:14:27.151798",0.9628305822401263,-2.101788622105868,0.9373367800232068,0.9905039201755877,17.35181010791705
165.0,"","","train",835.0,"2022-04-06 23:14:38.214545",0.9631412988046737,-2.247263756796064,0.9367713867965414,0.9916662471314975,17.402990440767336
165.0,"","","val",835.0,"2022-04-06 23:14:40.152767",0.961930568380537,-2.5222039931510287,0.9420033225925636,0.9828787878293501,17.22624780701224
166.0,0.027920369058847427,0.0014040038889739752,"train",840.0,"2022-04-06 23:14:41.406719","","","","",""
166.0,"","","train",840.0,"2022-04-06 23:14:51.331380",0.9672250771069755,-1.964085622454076,0.943860530139702,0.9922498626442701,17.554025258629647
166.0,"","","val",840.0,"2022-04-06 23:14:53.246000",0.9663721128464019,-1.9556312963209521,0.9492365547532899,0.9846577116460038,17.07126199810968
167.0,"","","train",845.0,"2022-04-06 23:15:04.491240",0.9665056566817739,-3.0084490360685088,0.9420648229586156,0.9928400649387407,17.89134520524244
167.0,"","","val",845.0,"2022-04-06 23:15:06.444185",0.969227502367714,-2.563260859362554,0.9488033751732073,0.9905684946302863,16.986816990963238
168.0,0.02787737175822258,0.0013764577595533304,"train",850.0,"2022-04-06 23:15:07.717491","","","","",""
168.0,"","","train",850.0,"2022-04-06 23:15:17.875419",0.9623417002773396,-3.4477176251176815,0.934341928908028,0.99278554224236,17.837851323477143
168.0,"","","val",850.0,"2022-04-06 23:15:19.796378",0.9661129688424364,-2.6485714285714295,0.9416164194005057,0.9924882032562065,17.483724974227734
169.0,"","","train",855.0,"2022-04-06 23:15:30.821281",0.9643943458814471,-2.342590781376046,0.9379276889304736,0.9929483813959387,17.39074115000493
169.0,"","","val",855.0,"2022-04-06 23:15:32.742078",0.9642118402879497,-2.9397882710131036,0.9395974598982084,0.9905801434913245,16.973713436006772
170.0,0.02874831110239029,0.0013485746530336258,"train",860.0,"2022-04-06 23:15:34.019020","","","","",""
170.0,"","","train",860.0,"2022-04-06 23:15:43.916930",0.9597309888289987,-2.8828113984420867,0.9305485060982847,0.9918500416754025,17.505456415027815
170.0,"","","val",860.0,"2022-04-06 23:15:45.820353",0.9613372353151218,-2.7780305314161637,0.9368293023766415,0.9875069742128814,17.010867754641108
171.0,"","","train",865.0,"2022-04-06 23:15:56.778622",0.9647841068564417,-2.6112264889287906,0.9380215668457176,0.9937999631553841,17.589318513533897
171.0,"","","val",865.0,"2022-04-06 23:15:58.711427",0.9596903618285939,-2.4360233127635738,0.9415168975046507,0.9787183789682699,16.72854962138501
172.0,0.02779603749513626,0.001320379528571489,"train",870.0,"2022-04-06 23:16:00.158393","","","","",""
172.0,"","","train",870.0,"2022-04-06 23:16:09.890865",0.9636904949853061,-1.479889625039166,0.9374307629507372,0.992098651801984,17.453043021529147
172.0,"","","val",870.0,"2022-04-06 23:16:11.791500",0.9645972464380166,-0.7995450436171071,0.9528245831892818,0.9771267460684845,17.133517216996726
173.0,"","","train",875.0,"2022-04-06 23:16:23.030496",0.9674776529006855,-0.6304004895617735,0.9425173565353084,0.9942341040713392,17.604137316191053
173.0,"","","val",875.0,"2022-04-06 23:16:24.952409",0.9762170345111341,0.3145197727220636,0.9591182937467512,0.9946192259176508,17.722092122540673
174.0,0.02771342173218727,0.0012918976246218646,"train",880.0,"2022-04-06 23:16:26.238458","","","","",""
174.0,"","","train",880.0,"2022-04-06 23:16:36.172980",0.9677384811746359,-2.9981007249607927,0.942967968767333,0.994202555533557,17.485677435885183
174.0,"","","val",880.0,"2022-04-06 23:16:38.115525",0.9747035111771322,-3.037355327321933,0.9605786441188472,0.9897611751056238,17.955045684142128
175.0,"","","train",885.0,"2022-04-06 23:16:49.357219",0.9688609666705287,-3.6652149950060604,0.9457972550574892,0.9934425210245235,17.516439597076026
175.0,"","","val",885.0,"2022-04-06 23:16:51.271149",0.9690155487284063,-3.973383456938413,0.94311428864793,0.9968266253367677,17.005585582194023
176.0,0.027133742347359657,0.0012631544363461758,"train",890.0,"2022-04-06 23:16:52.537217","","","","",""
176.0,"","","train",890.0,"2022-04-06 23:17:02.473807",0.9569429859367231,-1.580944240410987,0.9273074518294305,0.9892456575477439,17.879556054541325
176.0,"","","val",890.0,"2022-04-06 23:17:04.380937",0.9629206486400687,-1.0725527977623368,0.9392623745364644,0.9885813671612428,16.86469211597758
177.0,"","","train",895.0,"2022-04-06 23:17:15.478560",0.9634159285739874,-1.855835720537917,0.9363680353421494,0.9927120632727567,17.84781501063017
177.0,"","","val",895.0,"2022-04-06 23:17:17.390455",0.9651509290025887,-0.904386016450502,0.9395977123121386,0.9924196289880242,16.423958579815537
178.0,0.026490049436688423,0.0012341756927907058,"train",900.0,"2022-04-06 23:17:18.674623","","","","",""
178.0,"","","train",900.0,"2022-04-06 23:17:28.544418",0.9629119068578088,-2.064712798933248,0.9366384874055672,0.9914631299373635,17.70571055278147
178.0,"","","val",900.0,"2022-04-06 23:17:30.433953",0.9646411130995588,-1.4591451917033307,0.9453332388117187,0.9850862046899357,16.827294955890014
179.0,"","","train",905.0,"2022-04-06 23:17:41.521960",0.9598193645462932,-2.7875268534101934,0.9311759586740936,0.9909735387296478,17.754353268787124
179.0,"","","val",905.0,"2022-04-06 23:17:43.463366",0.9697908593197493,-2.765810817534954,0.9454947652373852,0.9959447004112775,17.529442049500194
180.0,0.026539212092757225,0.0012049873338556153,"train",910.0,"2022-04-06 23:17:44.728746","","","","",""
180.0,"","","train",910.0,"2022-04-06 23:17:54.417793",0.9637626157790286,-3.400432118529924,0.9366156361505497,0.9934367629997253,17.13165960278982
180.0,"","","val",910.0,"2022-04-06 23:17:56.353153",0.976682972471504,-3.596343502039415,0.9586447725136445,0.9955555555056219,16.756806374466915
181.0,"","","train",915.0,"2022-04-06 23:18:07.532378",0.9651773801431491,-2.6466150379679583,0.9416311195427562,0.9904548953784348,17.58097086954131
181.0,"","","val",915.0,"2022-04-06 23:18:09.480105",0.9701480345458192,-2.144592046175416,0.9500657408856096,0.9914606741080317,17.44898122148909
182.0,0.025820346549153328,0.001175615487075217,"train",920.0,"2022-04-06 23:18:10.758509","","","","",""
182.0,"","","train",920.0,"2022-04-06 23:18:20.464345",0.9629894188604595,-2.369899552627983,0.9401446562643344,0.9878302468849028,18.070832186723692
182.0,"","","val",920.0,"2022-04-06 23:18:22.374851",0.9678733679593855,-1.7472209899566888,0.9551218832483396,0.9811810780499813,17.805234284588394
183.0,"","","train",925.0,"2022-04-06 23:18:33.515768",0.9655508331172712,-2.7622348862805715,0.9395520291726714,0.9937232103971798,17.57699564249987
183.0,"","","val",925.0,"2022-04-06 23:18:35.449838",0.9748002111829269,-2.452259401558905,0.9662217941191612,0.9839718675332924,17.282177853937554
184.0,0.025688938796520233,0.0011460864442302974,"train",930.0,"2022-04-06 23:18:36.734988","","","","",""
184.0,"","","train",930.0,"2022-04-06 23:18:46.504556",0.9633206446291053,-3.259164554030896,0.9371210620995191,0.9915620991512822,17.789372063862462
184.0,"","","val",930.0,"2022-04-06 23:18:48.635434",0.9748702397185682,-3.7731012506012505,0.9656292526134544,0.9843546283743109,17.017009554054486
185.0,"","","train",935.0,"2022-04-06 23:18:59.530750",0.9651071446425168,-1.9623748659765532,0.9379280111256555,0.9943242116613868,17.3213019882502
185.0,"","","val",935.0,"2022-04-06 23:19:01.462465",0.9678256054812898,-1.4170145928188707,0.9484151629241019,0.988339290045177,17.572585967738657
186.0,0.026201646775007248,0.0011164266378134086,"train",940.0,"2022-04-06 23:19:02.732273","","","","",""
186.0,"","","train",940.0,"2022-04-06 23:19:12.590728",0.9642107211654638,-2.1020580561780484,0.9368638627562129,0.9939419044374783,17.479668837793728
186.0,"","","val",940.0,"2022-04-06 23:19:14.531883",0.9626979768464586,-1.5956499107857962,0.9466984093148653,0.9796311001738078,17.410538905431917
187.0,"","","train",945.0,"2022-04-06 23:19:25.478730",0.964544685353896,-2.040826065444255,0.9386789853206814,0.9925202393193814,17.786028927513787
187.0,"","","val",945.0,"2022-04-06 23:19:27.433564",0.972995416504447,-1.5337297872493423,0.9525635576520965,0.9946296295800958,16.902548574995844
188.0,0.02558915875852108,0.0010866626173682108,"train",950.0,"2022-04-06 23:19:28.898436","","","","",""
188.0,"","","train",950.0,"2022-04-06 23:19:38.756507",0.9641116627988672,-2.603356378615723,0.9377384763851099,0.992690756571157,17.876224178346177
188.0,"","","val",950.0,"2022-04-06 23:19:40.689799",0.963777629113944,-2.335033667038408,0.9459369488082645,0.9827410307068057,17.386940777737454
189.0,"","","train",955.0,"2022-04-06 23:19:51.839693",0.96473525087255,-1.2632030799666556,0.9382230070192411,0.9932386615291814,17.846864419799278
189.0,"","","val",955.0,"2022-04-06 23:19:53.817453",0.9680502446252311,-0.9876282721110302,0.9538784929182809,0.9828318628067073,17.9358044519638
190.0,0.025252120569348335,0.0010568210257240326,"train",960.0,"2022-04-06 23:19:55.103782","","","","",""
190.0,"","","train",960.0,"2022-04-06 23:20:04.956661",0.9650603164671763,-2.6490907274265125,0.9384846561180132,0.9935806570475908,18.101252513549646
190.0,"","","val",960.0,"2022-04-06 23:20:06.874598",0.9655946902442283,-2.5614042033125664,0.9440816685723878,0.988962472356557,18.08316596433445
191.0,"","","train",965.0,"2022-04-06 23:20:18.021329",0.9612151751023982,-2.7633684042271973,0.9314985838467367,0.9940739418745439,17.82911855534103
191.0,"","","val",965.0,"2022-04-06 23:20:19.940995",0.9571970854359847,-2.1888471812770356,0.9356793743449479,0.9801662356080264,17.052542417922766
192.0,0.025479214265942574,0.0010269285751469313,"train",970.0,"2022-04-06 23:20:21.249374","","","","",""
192.0,"","","train",970.0,"2022-04-06 23:20:30.999114",0.963739165472428,-2.034112079698881,0.9394463604678797,0.9897980786805257,17.829249476645547
192.0,"","","val",970.0,"2022-04-06 23:20:32.908681",0.9691414104709368,-1.3628636908661054,0.9605595056245742,0.9779758847071003,17.608248430233775
193.0,"","","train",975.0,"2022-04-06 23:20:43.981864",0.9625590538393779,-2.462357822648547,0.9350740623247233,0.9925282163506726,17.747502844936907
193.0,"","","val",975.0,"2022-04-06 23:20:45.890488",0.9523527097035848,-2.263393533157737,0.9260434658773907,0.9807827038361644,17.01203176593973
194.0,0.025468524545431137,0.0009970120234285978,"train",980.0,"2022-04-06 23:20:47.160512","","","","",""
194.0,"","","train",980.0,"2022-04-06 23:20:57.096082",0.9661086838963883,-3.0423165248788067,0.9396094897594116,0.9946234357044821,17.78621266126542
194.0,"","","val",980.0,"2022-04-06 23:20:59.021146",0.9722051197642271,-3.1245853280134086,0.9500552520188585,0.9962121211621864,18.209209828193437
195.0,"","","train",985.0,"2022-04-06 23:21:10.017863",0.9635762902035864,-1.1365710946728018,0.9378049072584921,0.9916689973699375,17.35409668648982
195.0,"","","val",985.0,"2022-04-06 23:21:11.937028",0.9669649891579262,-0.7134029626011061,0.9502573066647827,0.9846241475898339,17.681177365037527
196.0,0.02462632954120636,0.000967098149934508,"train",990.0,"2022-04-06 23:21:13.405576","","","","",""
196.0,"","","train",990.0,"2022-04-06 23:21:23.348298",0.963031247657347,-4.146208640144361,0.9370436788881434,0.9912270500985345,18.111465116154715
196.0,"","","val",990.0,"2022-04-06 23:21:25.267830",0.9707743548620437,-4.294519756080887,0.9538496811398746,0.9885591567876219,17.11500476455576
197.0,"","","train",995.0,"2022-04-06 23:21:36.555072",0.9666773896381873,-1.4513918050073258,0.9432607007915541,0.9917482535437956,18.078046754003747
197.0,"","","val",995.0,"2022-04-06 23:21:38.462700",0.9698027103702151,-1.3902523294565725,0.9511011156732622,0.9896761734498636,17.929020279893262
198.0,0.024267777800559998,0.0009372137316327648,"train",1000.0,"2022-04-06 23:21:39.742196","","","","",""
198.0,"","","train",1000.0,"2022-04-06 23:21:49.374633",0.9650329299881046,-2.7521251730036895,0.9391036973677719,0.9929323174913004,18.094020110818047
198.0,"","","val",1000.0,"2022-04-06 23:21:51.285920",0.9676188106157851,-2.5721747871296556,0.9499268510833043,0.9864080731136123,17.550123098875464
199.0,"","","train",1005.0,"2022-04-06 23:22:02.525872",0.9594015391772425,-2.3666680430853346,0.9291358907970109,0.9929676740850605,18.029153074021107
199.0,"","","val",1005.0,"2022-04-06 23:22:04.425378",0.9664389839762745,-2.1872784851574223,0.9477583562374886,0.9861106785567132,16.92888785883144
200.0,0.023599671199917793,0.0009073855191250842,"train",1010.0,"2022-04-06 23:22:05.695325","","","","",""
200.0,"","","train",1010.0,"2022-04-06 23:22:15.552506",0.9626137157757361,-3.5473850589419094,0.9345487224297736,0.9934537858737488,17.76113044906582
200.0,"","","val",1010.0,"2022-04-06 23:22:17.441947",0.9731198843214764,-3.617855314527796,0.9564490688924364,0.9909406181790333,17.542035808694546
201.0,"","","train",1015.0,"2022-04-06 23:22:28.436826",0.9669230037555187,-1.9256416398262186,0.9425551157687421,0.9931317312952571,17.911197174069958
201.0,"","","val",1015.0,"2022-04-06 23:22:30.344559",0.9691624001952196,-1.5711798712389964,0.9516545577097357,0.9879686106158495,16.792013465777348
202.0,0.02543618530035019,0.0008776402127013848,"train",1020.0,"2022-04-06 23:22:31.609675","","","","",""
202.0,"","","train",1020.0,"2022-04-06 23:22:41.482634",0.9622647135108277,-2.7294113956477184,0.9335651279546421,0.9935059095333277,17.945836593974747
202.0,"","","val",1020.0,"2022-04-06 23:22:43.393497",0.9681198794646474,-2.6464341085271315,0.9457639738087905,0.9920671374130278,17.394187693109753
203.0,"","","train",1025.0,"2022-04-06 23:22:54.308783",0.9679898117511554,-2.0188732363393975,0.9429804307888133,0.99475770283114,17.559070586665893
203.0,"","","val",1025.0,"2022-04-06 23:22:56.222221",0.9648348702902991,-1.9675873531830692,0.9447726290884401,0.9862867019646702,16.825644486785738
204.0,0.023588744923472404,0.000848004438439411,"train",1030.0,"2022-04-06 23:22:57.687019","","","","",""
204.0,"","","train",1030.0,"2022-04-06 23:23:07.442977",0.9687364147892236,-2.7359170536785733,0.9448360221205064,0.9945920347855889,17.846301885279843
204.0,"","","val",1030.0,"2022-04-06 23:23:09.374281",0.9702740994998168,-2.2385100507462283,0.946484111468283,0.9955849889125648,17.945794774462467
205.0,"","","train",1035.0,"2022-04-06 23:23:20.398065",0.9630400947948999,-1.7210589198117308,0.9353027846608636,0.9933574283461457,18.123964803319396
205.0,"","","val",1035.0,"2022-04-06 23:23:22.309391",0.9701174077388535,-1.6083715416693138,0.9506353156218409,0.9909620203867512,18.279413787677196
206.0,0.024113895371556282,0.0008185047243707902,"train",1040.0,"2022-04-06 23:23:23.576037","","","","",""
206.0,"","","train",1040.0,"2022-04-06 23:23:33.368555",0.9617206963212083,-2.8393348096174833,0.9334394410852022,0.9922181350554258,18.057257916760474
206.0,"","","val",1040.0,"2022-04-06 23:23:35.258687",0.9721800846700198,-3.014874431725996,0.9516651752306878,0.9941378065879198,19.162518390179724
207.0,"","","train",1045.0,"2022-04-06 23:23:46.376537",0.9601867586300873,-2.141946521849056,0.9304319292111631,0.9923353357993113,17.699382837441515
207.0,"","","val",1045.0,"2022-04-06 23:23:48.268501",0.973706819333592,-2.3158522076188413,0.9546798736256307,0.9936872527636816,17.35071615911886
208.0,0.022751104086637497,0.0007891674767348476,"train",1050.0,"2022-04-06 23:23:49.521833","","","","",""
208.0,"","","train",1050.0,"2022-04-06 23:23:59.283330",0.9551980626398088,-2.375432685700543,0.9213921113868527,0.9923113816886313,17.90645997354449
208.0,"","","val",1050.0,"2022-04-06 23:24:01.199405",0.9727547216223713,-1.800202519023177,0.9539057495083266,0.9927741032119114,17.303648929518648
209.0,"","","train",1055.0,"2022-04-06 23:24:12.484982",0.9636855663297337,-2.8391486341902343,0.9380410939617448,0.9913349520703707,18.05785763293385
209.0,"","","val",1055.0,"2022-04-06 23:24:14.422873",0.9602976794746511,-2.3297884584091477,0.941220638241484,0.980616127158965,17.38936827792485
210.0,0.023296914994716644,0.0007600189563414484,"train",1060.0,"2022-04-06 23:24:15.712410","","","","",""
210.0,"","","train",1060.0,"2022-04-06 23:24:25.667095",0.9622895997177484,-1.6298653255005082,0.9342271308281185,0.9929364201955301,18.10075886373313
210.0,"","","val",1060.0,"2022-04-06 23:24:27.599186",0.9693174794475593,-0.8458660652480875,0.9481552125209926,0.9915256315426971,17.51306380145773
